{"Długość zausznika":{"123":1,"136":1,"143":2,"106":1,"120":1,"150":1,"133":1,"140":10,"137":1,"135":9,"142":5,"125":4,"148":1,"145":11,"130":7,"NO_INFORMATION":134},"Polaryzacja":{"TAK":31,"NIE":3,"NO_INFORMATION":156},"Szerokość mostka":{"15":9,"20":5,"19":8,"16":9,"NO_INFORMATION":119,"14":5,"13":1,"21":2,"12, 18 lub 24 mm":1,"22":4,"17":10,"17, 20":2,"20, 22 lub 24 mm":2,"18":13},"Wykończenie":{"Transparentne":5,"NO_INFORMATION":183,"Połysk":1,"Matowe":1},"Szerokość oprawy":{"131":1,"150":1,"133":1,"NO_INFORMATION":186,"120":1},"Kolor":{"Szary":6,"Fioletowy":4,"Biały":1,"Multicolor":2,"Czerwony":1,"Grafitowy":5,"NO_INFORMATION":88,"Błękitny":2,"Limonka":1,"Pomarańczowy":1,"Bordowy":3,"Czarny":41,"Różowe złoto":1,"Jasny różowy":1,"Złoty":1,"Miedziany":1,"Niebieski":9,"Granatowy":12,"Beżowy":3,"Czarny/Złoty":1,"Zielony":2,"Transparentny":2,"Srebrny":2},"subcategory":{"Męskie":18,"Gogle":3,"Etui":12,"Dla dzieci":6,"Dziecięce":24,"Pielęgnacja":12,"Ogólne":12,"Ochronne":12,"Dla kierowców":5,"Damskie":24,"Do komputera":10,"Do pływania":12,"Dodatki":12,"Sportowe":16,"Plastry na oko":12},"Dyscyplina":{"NO_INFORMATION":164,"sporty kontaktowe/sporty zespołowe":12,"sporty wodne":12,"sporty zimowe":1,"bieganie, rower, sporty wodne, sporty zimowe, trekking, wspinaczka":1},"Antyreflex":{"Tak":30,"NO_INFORMATION":157,"Nie":3},"category":{"Soczewki okularowe":33,"Okulary specjalne":27,"Okulary przeciwsłoneczne":37,"Akcesoria":48,"Oprawy":45},"Waga":{"12g":2,"60 g":1,"11g":2,"NO_INFORMATION":184,"13g":1},"Kolor soczewki":{"Transparentny":1,"Szary":36,"NO_INFORMATION":145,"Szary gradient":5,"Brązowy gradient":1,"Zielony":2},"Lustrzanka":{"Srebrny":3,"Czerwony":2,"NO_INFORMATION":170,"Jasnosrebrny":4,"nie dotyczy":3,"Niebieski":6,"Królewski Błękit":2},"Wymiary":{"145 mm x 80 mm":6,"19 cm x 19 cm":5,"85x59 mm":1,"76 x 54 mm":1,"67 x 50 mm":1,"NO_INFORMATION":175,"200 ml":1},"Wzór":{"alpaki":1,"NO_INFORMATION":187,"tukany":1,"mrówki":1},"Wysokość soczewki":{"70":1,"41":2,"27":2,"33":2,"18":1,"39":1,"51":1,"38":1,"37":1,"36":1,"29":2,"30":4,"35, 39":2,"34":1,"43,6":2,"34,9":1,"43":1,"24":1,"NO_INFORMATION":151,"25":1,"32":1,"40":3,"54":2,"35":2,"26":1,"31":1,"42":1},"Zakrywane oko":{"prawe":9,"NO_INFORMATION":181},"Index":{"1,67":3,"1,53":2,"NO_INFORMATION":158,"1,6":9,"1,5":18},"Termin realizacji zamówienia":{"2-3 dni robocze":119,"na zamówienie do 5 dni roboczych":13,"na zamówienie do 10 dni roboczych":29,"3-5 dni roboczych":1,"5 dni roboczych":9,"3-4 dni robocze":5,"7-10 dni roboczych":2,"na zamówienie":12},"Długość":{"NO_INFORMATION":189,"75 cm":1},"price":{"400,00 zł":1,"390,00 zł":2,"52,00 zł":2,"65,00 zł":1,"29,00 zł":1,"49,00 zł":3,"80,00 zł":2,"560,00 zł":2,"590,00 zł":6,"530,00 zł":12,"260,00 zł":1,"360,00 zł":7,"440,00 zł":1,"890,00 zł":2,"239,00 zł":1,"320,00 zł":3,"1 390,00 zł":1,"305,00 zł":1,"540,00 zł":1,"256,00 zł":1,"34,00 zł":1,"45,00 zł":3,"75,00 zł":1,"95,00 zł":1,"690,00 zł":3,"330,00 zł":1,"580,00 zł":2,"280,00 zł":3,"180,00 zł":1,"290,00 zł":1,"630,00 zł":1,"33,00 zł":5,"299,00 zł":1,"19,00 zł":3,"600,00 zł":1,"129,00 zł":4,"48,00 zł":10,"7,50 zł":6,"550,00 zł":1,"289,00 zł":2,"230,00 zł":2,"165,00 zł":1,"350,00 zł":16,"170,00 zł":1,"150,00 zł":2,"520,00 zł":2,"250,00 zł":8,"154,00 zł":1,"365,00 zł":2,"32,00 zł":1,"490,00 zł":4,"190,00 zł":7,"339,00 zł":3,"70,00 zł":4,"249,00 zł":2,"344,00 zł":1,"750,00 zł":1,"990,00 zł":1,"146,00 zł":8,"210,00 zł":1,"279,00 zł":1,"79,00 zł":1,"7,00 zł":1,"25,00 zł":1,"55,00 zł":4,"420,00 zł":2,"39,00 zł":1,"5,50 zł":2,"105,00 zł":1,"259,00 zł":2,"97,00 zł":1,"220,00 zł":1,"119,00 zł":1,"480,00 zł":1},"Typ":{"baza sportowa, pełna":12,"NO_INFORMATION":136,"pełna":37,"na żyłkę":3,"baza sportowa":2},"Funkcja specjalna":{"do pływania":12,"do opraw sportowych":5,"do opraw sportowych, recepura - duże moce, redukcja odblasków w nocy, łatwe czyszczenie":1,"do opraw sportowych, recepura - duże moce, redukcja odblasków w nocy":1,"do opraw sportowych, ochrona przed światłem niebieskim, recepura - duże moce, redukcja odblasków w nocy, łatwe czyszczenie":2,"do opraw sportowych, ochrona przed światłem niebieskim, recepura - duże moce":1,"redukcja odblasków w nocy":2,"do opraw sportowych, recepura - duże moce, łatwe czyszczenie":5,"ochrona przed światłem niebieskim, recepura - duże moce":1,"do opraw sportowych, recepura - duże moce":4,"powłoka antybakteryjna":1,"łatwe czyszczenie":1,"ochrona przed światłem niebieskim":2,"powłoka Anti-Fog":1,"ochrona przed światłem niebieskim, łatwe czyszczenie":2,"ochrona przed światłem niebieskim, odporność na zarysowania +++":1,"NO_INFORMATION":148},"Materiał":{"włóknina bawełniana":3,"NO_INFORMATION":117,"stal nierdzewna":1,"metal":8,"tworzywo":38,"metal i tworzywo":5,"TPEE":2,"acetat":13,"skóra naturalna":1,"ultem":2},"Szerokość soczewki":{"62":3,"44":2,"33":1,"52":5,"54":5,"53":12,"55":5,"45":4,"58":1,"40":3,"41":1,"47":1,"NO_INFORMATION":112,"60":2,"49":2,"57":4,"53, 55":2,"48":1,"51":6,"64":1,"145":1,"50":3,"46":1,"70":1,"39":1,"30":1,"56":3,"36":1,"43":1,"38":3,"32":1},"Przeznaczenie":{"części zamienne, sport":1,"sport":1,"wkładki korekcyjne":1,"do korekcji, dzięcięce, sport":1,"unisex":3,"do spawania":1,"do korekcji":16,"dla dorosłych":7,"dla dorosłych, dzięcięce":1,"zabezpieczenie przed zsuwaniem":5,"terapia widzenia":12,"dzięcięce":16,"NO_INFORMATION":113,"pielęgnacja":12},"Filtr UV":{"NO_INFORMATION":122,"E-SPF 10":5,"TAK":43,"E-SPF 25":20},"large_image_url":{"https://e-okularnicy.pl/28222-large_default/toraysee-chusteczka-do-okularow-z-mikro-wlokien.jpg":1,"https://e-okularnicy.pl/27896-large_default/obturator-tekstylny-mini-1-3-lat.jpg":1,"https://e-okularnicy.pl/28747-large_default/loro-juliet-damskie-oprawki-do-okularow-korekcyjnych.jpg":1,"https://e-okularnicy.pl/27912-large_default/obturator-tekstylny-mini-1-3-lat.jpg":1,"https://e-okularnicy.pl/20695-large_default/4-5-lat-ortopad-regular-10-szt.jpg":1,"https://e-okularnicy.pl/28208-large_default/etui-do-okularow-albinex-80070.jpg":1,"https://e-okularnicy.pl/19590-large_default/real-madrid-rms-50005-okulary-przeciwsloneczne-z-polaryzacja.jpg":1,"https://e-okularnicy.pl/28800-large_default/szampon-czyszczacy-mietowy-200-ml.jpg":1,"https://e-okularnicy.pl/9853-large_default/szajna-prima-150-diament-nanoag.jpg":1,"https://e-okularnicy.pl/28783-large_default/diesel-dv-0089-ohm.jpg":1,"https://e-okularnicy.pl/28574-large_default/ray-ban-rb-5121-wayfarer-oprawki-do-okularow-korekcyjnych.jpg":1,"https://e-okularnicy.pl/27987-large_default/soft-babe.jpg":1,"https://e-okularnicy.pl/19238-large_default/jzo-izoplast-150-transitions-signature-8-szmaragd-uv-fotochromowe-soczewki-do-okularow-korekcyjnych.jpg":1,"https://e-okularnicy.pl/26544-large_default/solano-ss-20971-okulary-przeciwsloneczne-z-polaryzacja.jpg":1,"https://e-okularnicy.pl/28234-large_default/-jzo-izoplast-150-sf-aura-max-uv.jpg":1,"https://e-okularnicy.pl/28665-large_default/loro-maurix-meskie-oprawki-do-okularow-korekcyjnych.jpg":1,"https://e-okularnicy.pl/22663-large_default/sznureczek-do-okularow-bawelniany-w-stylu-boho.jpg":1,"https://e-okularnicy.pl/28743-large_default/loro-fever-damskie-oprawki-do-okularow-korekcyjnych.jpg":1,"https://e-okularnicy.pl/28005-large_default/easy-cute.jpg":1,"https://e-okularnicy.pl/2716-large_default/puma-pu-15269.jpg":1,"https://e-okularnicy.pl/20278-large_default/rec-specs-all-pro-xl-okulary-sportowe-do-korekcji.jpg":1,"https://e-okularnicy.pl/149-large_default/izoplast-160-m-eyedrive.jpg":1,"https://e-okularnicy.pl/28566-large_default/ray-ban-rb-4471-v-iris-oprawki-do-okularow-korekcyjnych.jpg":1,"https://e-okularnicy.pl/28359-large_default/milome-sara-roz38-dzieciece-oprawki-do-okularow-korekcyjnychdzieciece-oprawki-do-okularow-korekcyjnych.jpg":1,"https://e-okularnicy.pl/1904-large_default/okulary-ochronne-tector-.jpg":1,"https://e-okularnicy.pl/12358-large_default/okulary-do-plywania-centrostyle-z-korekcja.jpg":1,"https://e-okularnicy.pl/21497-large_default/-mikrofaza-do-okularow.jpg":1,"https://e-okularnicy.pl/20425-large_default/rec-specs-helmet-spex-xl-okulary-sportowe-do-korekcji.jpg":1,"https://e-okularnicy.pl/22762-large_default/liw-lewant-284-bhp.jpg":1,"https://e-okularnicy.pl/20210-large_default/rec-specs-maxx-air-okulary-sportowe-do-korekcji.jpg":1,"https://e-okularnicy.pl/26552-large_default/solano-ss-20972-okulary-przeciwsloneczne-z-polaryzacja.jpg":1,"https://e-okularnicy.pl/25342-large_default/jzo-izoplast-167-sf-transitions-signature-8-aura-max-uv-fotochromowe-soczewki-do-okularow-korekcyjnych.jpg":1,"https://e-okularnicy.pl/28210-large_default/etui-do-okularow-albinex-102033.jpg":1,"https://e-okularnicy.pl/21487-large_default/-mikrofaza-do-okularow.jpg":1,"https://e-okularnicy.pl/27914-large_default/obturator-tekstylny-mini-1-3-lat.jpg":1,"https://e-okularnicy.pl/28139-large_default/etui-do-okularow-albinex-102029.jpg":1,"https://e-okularnicy.pl/19247-large_default/jzo-izoplast-150-transitions-xtractive-eyedrive-fotochromowe-soczewki-do-okularow-korekcyjnych.jpg":1,"https://e-okularnicy.pl/153-large_default/izoplast-160-ideal-max-blue-uv.jpg":1,"https://e-okularnicy.pl/20407-large_default/rec-specs-sport-shift-xl-okulary-sportowe-do-korekcji.jpg":1,"https://e-okularnicy.pl/20259-large_default/rec-specs-rs-41-okulary-sportowe-do-korekcji.jpg":1,"https://e-okularnicy.pl/21485-large_default/-mikrofaza-do-okularow.jpg":1,"https://e-okularnicy.pl/25272-large_default/wkladka-progear-windguard.jpg":1,"https://e-okularnicy.pl/22757-large_default/liw-lewant-286-bhp.jpg":1,"https://e-okularnicy.pl/28542-large_default/ray-ban-rb-7214-gina-oprawki-do-okularow-korekcyjnych.jpg":1,"https://e-okularnicy.pl/146-large_default/izoplast-150-m-eyedrive.jpg":1,"https://e-okularnicy.pl/26557-large_default/solano-ss-20973-okulary-przeciwsloneczne-z-polaryzacja.jpg":1,"https://e-okularnicy.pl/26670-large_default/ray-ban-rb-3565-jack-okulary-przeciwsloneczne.jpg":1,"https://e-okularnicy.pl/17747-large_default/pudelko-do-okularow-plywackich.jpg":1,"https://e-okularnicy.pl/19225-large_default/jzo-izoplast-150-transitions-signature-8-topaz-fotochromowe-soczewki-do-okularow-korekcyjnych.jpg":1,"https://e-okularnicy.pl/28755-large_default/loro-malay-damskie-oprawki-do-okularow-korekcyjnych.jpg":1,"https://e-okularnicy.pl/28115-large_default/etui-do-okularow-albinex-80100-sciereczka-z-mikrofibry.jpg":1,"https://e-okularnicy.pl/19243-large_default/jzo-izoplast-150-transitions-signature-8-aura-max-uv-fotochromowe-soczewki-do-okularow-korekcyjnych.jpg":1,"https://e-okularnicy.pl/18156-large_default/jzo-izoplast-150-m-aura-max-uv.jpg":1,"https://e-okularnicy.pl/1895-large_default/nakladka-ochronna-do-spawania.jpg":1,"https://e-okularnicy.pl/20392-large_default/rec-specs-sport-shift-okulary-sportowe-do-korekcji.jpg":1,"https://e-okularnicy.pl/28142-large_default/etui-do-okularow-albinex-102022.jpg":1,"https://e-okularnicy.pl/27904-large_default/obturator-tekstylny-mini-1-3-lat.jpg":1,"https://e-okularnicy.pl/1914-large_default/okulary-ochronne-z-wkladka-korekcyjna.jpg":1,"https://e-okularnicy.pl/1897-large_default/nakladka-ochronna.jpg":1,"https://e-okularnicy.pl/28012-large_default/-easy-beat.jpg":1,"https://e-okularnicy.pl/214-large_default/hilux-pnx-kids-153-hi-vision-aqua.jpg":1,"https://e-okularnicy.pl/28248-large_default/milome-sara-roz-40-dzieciece-oprawki-do-okularow-korekcyjnych.jpg":1,"https://e-okularnicy.pl/25822-large_default/anne-marii-ams-20040-okulary-przeciwsloneczne-z-polaryzacja.jpg":1,"https://e-okularnicy.pl/1935-large_default/liw-lewant-285-bhp.jpg":1,"https://e-okularnicy.pl/28206-large_default/etui-do-okularow-albinex-102005.jpg":1,"https://e-okularnicy.pl/15649-large_default/jzo-izoplast-160-sf-ideal-uv-do-opraw-sportowych.jpg":1,"https://e-okularnicy.pl/17738-large_default/okulary-plywackie-korekcyjne-dla-doroslych.jpg":1,"https://e-okularnicy.pl/15474-large_default/skorzane-oslony-boczne-na-okulary-.jpg":1,"https://e-okularnicy.pl/26536-large_default/solano-ss-20969-okulary-przeciwsloneczne-z-polaryzacja.jpg":1,"https://e-okularnicy.pl/28632-large_default/anne-marii-am-20361-a-oprawki-do-okularow-korekcyjnych.jpg":1,"https://e-okularnicy.pl/27908-large_default/obturator-tekstylny-mini-1-3-lat.jpg":1,"https://e-okularnicy.pl/26611-large_default/solano-ss-20975-okulary-przeciwsloneczne-z-polaryzacja.jpg":1,"https://e-okularnicy.pl/20418-large_default/rec-specs-helmet-spex-okulary-sportowe-do-korekcji.jpg":1,"https://e-okularnicy.pl/28146-large_default/etui-do-okularow-albinex-102028-etui.jpg":1,"https://e-okularnicy.pl/26646-large_default/ray-ban-rb-4395-kiliane-okulary-przeciwsloneczne.jpg":1,"https://e-okularnicy.pl/12089-large_default/wkladka-do-gogli-.jpg":1,"https://e-okularnicy.pl/21473-large_default/-mikrofaza-do-okularow.jpg":1,"https://e-okularnicy.pl/28212-large_default/etui-do-okularow-albinex-102037-sciereczka-z-mikrofibry.jpg":1,"https://e-okularnicy.pl/25336-large_default/nikon-sv-sph-15-pure-blue-uv-seecoat-plus-uv.jpg":1,"https://e-okularnicy.pl/28017-large_default/easy-jolly.jpg":1,"https://e-okularnicy.pl/17395-large_default/jzo-izoplast-sf-167-ideal-max-blue-uv.jpg":1,"https://e-okularnicy.pl/28227-large_default/toraysee-chusteczka-do-okularow-z-mikro-wlokien.jpg":1,"https://e-okularnicy.pl/27902-large_default/obturator-tekstylny-mini-1-3-lat.jpg":1,"https://e-okularnicy.pl/14015-large_default/hoya-hilux-eyas-160-hi-vision-longlife-bluecontrol-soczewki-do-okularow-korekcyjnych.jpg":1,"https://e-okularnicy.pl/120-large_default/orma-15-streetlife.jpg":1,"https://e-okularnicy.pl/28532-large_default/ray-ban-rb-7217-chad-oprawki-do-okularow-korekcyjnych.jpg":1,"https://e-okularnicy.pl/15823-large_default/jzo-izoplast-160-sf-szmaraagd-uv.jpg":1,"https://e-okularnicy.pl/19618-large_default/real-madrid-rms-50008-okulary-przeciwsloneczne-z-polaryzacja.jpg":1,"https://e-okularnicy.pl/27982-large_default/soft-newborn.jpg":1,"https://e-okularnicy.pl/10071-large_default/nikon-150-sph-see-coat-blue-uv-soczewki-korekcyjne-do-okularow-z-filtrem-swiatla-niebieskiego.jpg":1,"https://e-okularnicy.pl/19794-large_default/jzo-izoplast-150-sf-ideal-uv.jpg":1,"https://e-okularnicy.pl/25838-large_default/anne-marii-ams-90012-okulary-przeciwsloneczne-z-polaryzacja.jpg":1,"https://e-okularnicy.pl/550-large_default/jzo-izoplast-160-m-mis-szmaragd-uv.jpg":1,"https://e-okularnicy.pl/28682-large_default/milome-noah-roz41-dzieciece-oprawki-do-okularow-korekcyjnych.jpg":1,"https://e-okularnicy.pl/25846-large_default/anne-marii-ams-90014-okulary-przeciwsloneczne-z-polaryzacja.jpg":1,"https://e-okularnicy.pl/508-large_default/izoplast-150-m-mis-topaz.jpg":1,"https://e-okularnicy.pl/27867-large_default/solano-ss-10497.jpg":1,"https://e-okularnicy.pl/19558-large_default/real-madrid-rms-50001-okulary-przeciwsloneczne-z-polaryzacja.jpg":1,"https://e-okularnicy.pl/9683-large_default/solano-ss-50087.jpg":1,"https://e-okularnicy.pl/20270-large_default/rec-specs-replay-xl-okulary-sportowe-do-korekcji.jpg":1,"https://e-okularnicy.pl/23394-large_default/nikon-160-sph-see-coat-blue-uv-soczewki-korekcyjne-do-okularow-z-filtrem-swiatla-niebieskiego.jpg":1,"https://e-okularnicy.pl/20262-large_default/rec-specs-rs-51-okulary-sportowe-do-korekcji.jpg":1,"https://e-okularnicy.pl/28218-large_default/toraysee-chusteczka-do-okularow-z-mikro-wlokien.jpg":1,"https://e-okularnicy.pl/23074-large_default/rec-specs-ochronne-gumki-na-zauszniki.jpg":1,"https://e-okularnicy.pl/20299-large_default/rec-specs-challenger-xl-okulary-sportowe-do-korekcji.jpg":1,"https://e-okularnicy.pl/12361-large_default/okulary-do-plywania-z-korekcja.jpg":1,"https://e-okularnicy.pl/23072-large_default/rec-specs-tasma-do-oprawy-sportowej.jpg":1,"https://e-okularnicy.pl/23064-large_default/rec-specs-tasma-do-oprawy-sportowej.jpg":1,"https://e-okularnicy.pl/26562-large_default/solano-ss-20974-okulary-przeciwsloneczne-z-polaryzacja.jpg":1,"https://e-okularnicy.pl/28655-large_default/loro-zelos-meskie-oprawki-do-okularow-korekcyjnych.jpg":1,"https://e-okularnicy.pl/20674-large_default/ortopad-junior-0-2-lata-10-szt.jpg":1,"https://e-okularnicy.pl/28668-large_default/milome-sara-roz44-dzieciece-oprawki-do-okularow-korekcyjnych.jpg":1,"https://e-okularnicy.pl/28759-large_default/loro-zigzag-damskie-oprawki-do-okularow-korekcyjnych.jpg":1,"https://e-okularnicy.pl/28776-large_default/loro-timber-oprawki-unisex-do-okularow-korekcyjnych.jpg":1,"https://e-okularnicy.pl/28235-large_default/-jzo-izoplast-160-sf-aura-max-uv.jpg":1,"https://e-okularnicy.pl/22564-large_default/okulary-plywackie-korekcyjne-dla-doroslych-w-zestawie-do-montazu-949211-i-949210-z-soczewkami.jpg":1,"https://e-okularnicy.pl/1252-large_default/leader-bounce-zestaw-wkladek-do-okularow-sportowych.jpg":1,"https://e-okularnicy.pl/28204-large_default/etui-do-okularow-albinex-102005.jpg":1,"https://e-okularnicy.pl/21493-large_default/-mikrofaza-do-okularow.jpg":1,"https://e-okularnicy.pl/28739-large_default/loro-vivien-damskie-oprawki-do-okularow-korekcyjnych.jpg":1,"https://e-okularnicy.pl/25844-large_default/anne-marii-ams-90013-okulary-przeciwsloneczne-z-polaryzacja.jpg":1,"https://e-okularnicy.pl/9846-large_default/okulary-do-plywania-shoptic-z-mozliwoscia-korekcji.jpg":1,"https://e-okularnicy.pl/548-large_default/izoplast-150-m-mis-topaz.jpg":1,"https://e-okularnicy.pl/23516-large_default/dla-dzieci-okulary-plywackie-korekcyjne-ocean-rx.jpg":1,"https://e-okularnicy.pl/28751-large_default/loro-doris-damskie-oprawki-do-okularow-korekcyjnych.jpg":1,"https://e-okularnicy.pl/28736-large_default/loro-orion-damskie-oprawki-do-okularow-korekcyjnych.jpg":1,"https://e-okularnicy.pl/28220-large_default/toraysee-chusteczka-do-okularow-z-mikro-wlokien.jpg":1,"https://e-okularnicy.pl/28763-large_default/loro-phil-oprawki-unisex-do-okularow-korekcyjnych.jpg":1,"https://e-okularnicy.pl/9850-large_default/okulary-do-plywania-shoptic-xl-z-mozliwoscia-korekcji.jpg":1,"https://e-okularnicy.pl/28213-large_default/etui-do-okularow-albinex-80058.jpg":1,"https://e-okularnicy.pl/10353-large_default/oslona-nosa-do-okularow-korekcyjnych.jpg":1,"https://e-okularnicy.pl/26615-large_default/solano-ss-20976-okulary-przeciwsloneczne-z-polaryzacja.jpg":1,"https://e-okularnicy.pl/28133-large_default/etui-do-okularow-albinex-102039.jpg":1,"https://e-okularnicy.pl/23067-large_default/rec-specs-tasma-do-oprawy-sportowej.jpg":1,"https://e-okularnicy.pl/28303-large_default/milome-harper-roz47-dzieciece-oprawki-do-okularow-korekcyjnych.jpg":1,"https://e-okularnicy.pl/19232-large_default/jzo-izoplast-150-transitions-xtractive-topaz-fotochromowe-soczewki-do-okularow-korekcyjnych.jpg":1,"https://e-okularnicy.pl/27002-large_default/solano-ss-50055-b.jpg":1,"https://e-okularnicy.pl/965-large_default/jzo-izoplast-150-ideal-max-blue-uv.jpg":1,"https://e-okularnicy.pl/23473-large_default/9466-dla-dzieci-okulary-plywackie-korekcyjne.jpg":1,"https://e-okularnicy.pl/11256-large_default/chemax-2-plyn-do-czyszczenia-okularow-antifog.jpg":1,"https://e-okularnicy.pl/20269-large_default/rec-specs-ms1000-okulary-sportowe-do-korekcji.jpg":1,"https://e-okularnicy.pl/26626-large_default/solano-ss-20978-okulary-przeciwsloneczne-z-polaryzacja.jpg":1,"https://e-okularnicy.pl/1184-large_default/opaska-pod-kask-sportowy-leader-c2.jpg":1,"https://e-okularnicy.pl/212-large_default/150-hi-vision-aqua.jpg":1,"https://e-okularnicy.pl/19566-large_default/real-madrid-rms-50002-okulary-przeciwsloneczne-z-polaryzacja.jpg":1,"https://e-okularnicy.pl/26522-large_default/solano-ss-20967-okulary-przeciwsloneczne-z-polaryzacja.jpg":1,"https://e-okularnicy.pl/27916-large_default/obturator-tekstylny-mini-1-3-lat.jpg":1,"https://e-okularnicy.pl/27022-large_default/anne-marii-ams-90009-okulary-przeciwsloneczne-z-polaryzacja.jpg":1,"https://e-okularnicy.pl/1187-large_default/leader-c2-opaska-na-glowe-do-okularow-sportowych.jpg":1,"https://e-okularnicy.pl/28650-large_default/-loro-stan-meskie-oprawki-do-okularow-korekcyjnych.jpg":1,"https://e-okularnicy.pl/25286-large_default/segmenty-do-blizy.jpg":1,"https://e-okularnicy.pl/28550-large_default/ray-ban-rb-0707v-oprawki-do-okularow-korekcyjnych.jpg":1,"https://e-okularnicy.pl/25828-large_default/-anne-marii-ams-20041-okulary-przeciwsloneczne-z-polaryzacja.jpg":1,"https://e-okularnicy.pl/18023-large_default/solan-spectron-4.jpg":1,"https://e-okularnicy.pl/19009-large_default/okulary-plywackie-korekcyjne-deluxe-w-zestawie-do-montazu-z-soczewkami.jpg":1,"https://e-okularnicy.pl/210-large_default/150-hi-vision-aqua.jpg":1,"https://e-okularnicy.pl/26621-large_default/solano-ss-20977-okulary-przeciwsloneczne-z-polaryzacja.jpg":1,"https://e-okularnicy.pl/19602-large_default/real-madrid-rms-50006-okulary-przeciwsloneczne-z-polaryzacja.jpg":1,"https://e-okularnicy.pl/26658-large_default/ray-ban-rb-4398-erik-okulary-przeciwsloneczne.jpg":1,"https://e-okularnicy.pl/9652-large_default/solano-ss-50081.jpg":1,"https://e-okularnicy.pl/9981-large_default/oslony-boczne-do-okularow-uniwersalne-z-tworzywa.jpg":1,"https://e-okularnicy.pl/21479-large_default/-mikrofaza-do-okularow.jpg":1,"https://e-okularnicy.pl/27995-large_default/soft-junior.jpg":1,"https://e-okularnicy.pl/19582-large_default/real-madrid-rms-50004-okulary-przeciwsloneczne-z-polaryzacja.jpg":1,"https://e-okularnicy.pl/20264-large_default/rec-specs-rs-50-okulary-sportowe-do-korekcji.jpg":1,"https://e-okularnicy.pl/25818-large_default/anne-marii-ams-20038-okulary-przeciwsloneczne-z-polaryzacja.jpg":1,"https://e-okularnicy.pl/26782-large_default/ray-ban-rb-3386-00671-okulary-przeciwsloneczne.jpg":1,"https://e-okularnicy.pl/959-large_default/leader-sprayer-gogle-narciarskie-z-mozliwoscia-korekcji.jpg":1,"https://e-okularnicy.pl/28113-large_default/etui-do-okularow-albinex-80106.jpg":1,"https://e-okularnicy.pl/19574-large_default/real-madrid-rms-50003-okulary-przeciwsloneczne-z-polaryzacja.jpg":1,"https://e-okularnicy.pl/17743-large_default/plywackie-korekcyjne-dla-dzieci.jpg":1,"https://e-okularnicy.pl/11174-large_default/jzo-izoplast-167-ideal-max-blue-uv-.jpg":1,"https://e-okularnicy.pl/26518-large_default/solano-ss-20966-okulary-przeciwsloneczne-z-polaryzacja.jpg":1,"https://e-okularnicy.pl/10114-large_default/komora-wilgotna.jpg":1,"https://e-okularnicy.pl/2000-large_default/izoplast-150-m-transitions-xtractive-ideal-uv.jpg":1,"https://e-okularnicy.pl/26528-large_default/solano-ss-20968-okulary-przeciwsloneczne-z-polaryzacja.jpg":1,"https://e-okularnicy.pl/1189-large_default/leader-c2prox-opaska-standardowa-do-okularow-sportowych.jpg":1,"https://e-okularnicy.pl/27910-large_default/obturator-tekstylny-mini-1-3-lat.jpg":1,"https://e-okularnicy.pl/27906-large_default/obturator-tekstylny-mini-1-3-lat.jpg":1,"https://e-okularnicy.pl/20687-large_default/2-4-lata-ortopad-junior-10-szt.jpg":1,"https://e-okularnicy.pl/28769-large_default/loro-marcel-oprawki-unisex-do-okularow-korekcyjnych.jpg":1,"https://e-okularnicy.pl/23508-large_default/okulary-plywackie-korekcyjne-ocean-rx.jpg":1,"https://e-okularnicy.pl/20732-large_default/switch-altitude-okulary-przeciwsloneczne-z-wymiennymi-soczewkami.jpg":1,"https://e-okularnicy.pl/28644-large_default/liw-lewant-3652-oprawki-do-okularow-korekcyjnych.jpg":1,"https://e-okularnicy.pl/25338-large_default/nikon-sv-sph-16-pure-blue-uv.jpg":1,"https://e-okularnicy.pl/27861-large_default/2762-liw-lewant-dzieciece-oprawki-do-okularow-korekcyjnych.jpg":1,"https://e-okularnicy.pl/10357-large_default/oslony-boczne-do-okularow-uniwersalne-z-tworzywa.jpg":1,"https://e-okularnicy.pl/28224-large_default/toraysee-chusteczka-do-okularow-z-mikro-wlokien.jpg":1,"https://e-okularnicy.pl/19610-large_default/real-madrid-rms-50007-okulary-przeciwsloneczne-z-polaryzacja.jpg":1,"https://e-okularnicy.pl/1909-large_default/wkladka-korekcyjna-do-okularow-ochronnych-tector.jpg":1},"medium_image_url":{"https://e-okularnicy.pl/14015-medium_default/hoya-hilux-eyas-160-hi-vision-longlife-bluecontrol-soczewki-do-okularow-korekcyjnych.jpg":1,"https://e-okularnicy.pl/28776-medium_default/loro-timber-oprawki-unisex-do-okularow-korekcyjnych.jpg":1,"https://e-okularnicy.pl/11174-medium_default/jzo-izoplast-167-ideal-max-blue-uv-.jpg":1,"https://e-okularnicy.pl/27861-medium_default/2762-liw-lewant-dzieciece-oprawki-do-okularow-korekcyjnych.jpg":1,"https://e-okularnicy.pl/153-medium_default/izoplast-160-ideal-max-blue-uv.jpg":1,"https://e-okularnicy.pl/27982-medium_default/soft-newborn.jpg":1,"https://e-okularnicy.pl/1935-medium_default/liw-lewant-285-bhp.jpg":1,"https://e-okularnicy.pl/28665-medium_default/loro-maurix-meskie-oprawki-do-okularow-korekcyjnych.jpg":1,"https://e-okularnicy.pl/28210-medium_default/etui-do-okularow-albinex-102033.jpg":1,"https://e-okularnicy.pl/28146-medium_default/etui-do-okularow-albinex-102028-etui.jpg":1,"https://e-okularnicy.pl/26536-medium_default/solano-ss-20969-okulary-przeciwsloneczne-z-polaryzacja.jpg":1,"https://e-okularnicy.pl/21487-medium_default/-mikrofaza-do-okularow.jpg":1,"https://e-okularnicy.pl/28359-medium_default/milome-sara-roz38-dzieciece-oprawki-do-okularow-korekcyjnychdzieciece-oprawki-do-okularow-korekcyjnych.jpg":1,"https://e-okularnicy.pl/28206-medium_default/etui-do-okularow-albinex-102005.jpg":1,"https://e-okularnicy.pl/21479-medium_default/-mikrofaza-do-okularow.jpg":1,"https://e-okularnicy.pl/25286-medium_default/segmenty-do-blizy.jpg":1,"https://e-okularnicy.pl/25828-medium_default/-anne-marii-ams-20041-okulary-przeciwsloneczne-z-polaryzacja.jpg":1,"https://e-okularnicy.pl/12089-medium_default/wkladka-do-gogli-.jpg":1,"https://e-okularnicy.pl/20687-medium_default/2-4-lata-ortopad-junior-10-szt.jpg":1,"https://e-okularnicy.pl/1904-medium_default/okulary-ochronne-tector-.jpg":1,"https://e-okularnicy.pl/25846-medium_default/anne-marii-ams-90014-okulary-przeciwsloneczne-z-polaryzacja.jpg":1,"https://e-okularnicy.pl/1895-medium_default/nakladka-ochronna-do-spawania.jpg":1,"https://e-okularnicy.pl/26670-medium_default/ray-ban-rb-3565-jack-okulary-przeciwsloneczne.jpg":1,"https://e-okularnicy.pl/20264-medium_default/rec-specs-rs-50-okulary-sportowe-do-korekcji.jpg":1,"https://e-okularnicy.pl/23516-medium_default/dla-dzieci-okulary-plywackie-korekcyjne-ocean-rx.jpg":1,"https://e-okularnicy.pl/28763-medium_default/loro-phil-oprawki-unisex-do-okularow-korekcyjnych.jpg":1,"https://e-okularnicy.pl/19232-medium_default/jzo-izoplast-150-transitions-xtractive-topaz-fotochromowe-soczewki-do-okularow-korekcyjnych.jpg":1,"https://e-okularnicy.pl/26552-medium_default/solano-ss-20972-okulary-przeciwsloneczne-z-polaryzacja.jpg":1,"https://e-okularnicy.pl/19574-medium_default/real-madrid-rms-50003-okulary-przeciwsloneczne-z-polaryzacja.jpg":1,"https://e-okularnicy.pl/28222-medium_default/toraysee-chusteczka-do-okularow-z-mikro-wlokien.jpg":1,"https://e-okularnicy.pl/26646-medium_default/ray-ban-rb-4395-kiliane-okulary-przeciwsloneczne.jpg":1,"https://e-okularnicy.pl/28224-medium_default/toraysee-chusteczka-do-okularow-z-mikro-wlokien.jpg":1,"https://e-okularnicy.pl/2716-medium_default/puma-pu-15269.jpg":1,"https://e-okularnicy.pl/28783-medium_default/diesel-dv-0089-ohm.jpg":1,"https://e-okularnicy.pl/27987-medium_default/soft-babe.jpg":1,"https://e-okularnicy.pl/22762-medium_default/liw-lewant-284-bhp.jpg":1,"https://e-okularnicy.pl/1909-medium_default/wkladka-korekcyjna-do-okularow-ochronnych-tector.jpg":1,"https://e-okularnicy.pl/26611-medium_default/solano-ss-20975-okulary-przeciwsloneczne-z-polaryzacja.jpg":1,"https://e-okularnicy.pl/1914-medium_default/okulary-ochronne-z-wkladka-korekcyjna.jpg":1,"https://e-okularnicy.pl/25838-medium_default/anne-marii-ams-90012-okulary-przeciwsloneczne-z-polaryzacja.jpg":1,"https://e-okularnicy.pl/20262-medium_default/rec-specs-rs-51-okulary-sportowe-do-korekcji.jpg":1,"https://e-okularnicy.pl/9981-medium_default/oslony-boczne-do-okularow-uniwersalne-z-tworzywa.jpg":1,"https://e-okularnicy.pl/28113-medium_default/etui-do-okularow-albinex-80106.jpg":1,"https://e-okularnicy.pl/27916-medium_default/obturator-tekstylny-mini-1-3-lat.jpg":1,"https://e-okularnicy.pl/27906-medium_default/obturator-tekstylny-mini-1-3-lat.jpg":1,"https://e-okularnicy.pl/28005-medium_default/easy-cute.jpg":1,"https://e-okularnicy.pl/27904-medium_default/obturator-tekstylny-mini-1-3-lat.jpg":1,"https://e-okularnicy.pl/26782-medium_default/ray-ban-rb-3386-00671-okulary-przeciwsloneczne.jpg":1,"https://e-okularnicy.pl/28566-medium_default/ray-ban-rb-4471-v-iris-oprawki-do-okularow-korekcyjnych.jpg":1,"https://e-okularnicy.pl/15474-medium_default/skorzane-oslony-boczne-na-okulary-.jpg":1,"https://e-okularnicy.pl/10357-medium_default/oslony-boczne-do-okularow-uniwersalne-z-tworzywa.jpg":1,"https://e-okularnicy.pl/22757-medium_default/liw-lewant-286-bhp.jpg":1,"https://e-okularnicy.pl/20407-medium_default/rec-specs-sport-shift-xl-okulary-sportowe-do-korekcji.jpg":1,"https://e-okularnicy.pl/1252-medium_default/leader-bounce-zestaw-wkladek-do-okularow-sportowych.jpg":1,"https://e-okularnicy.pl/508-medium_default/izoplast-150-m-mis-topaz.jpg":1,"https://e-okularnicy.pl/28542-medium_default/ray-ban-rb-7214-gina-oprawki-do-okularow-korekcyjnych.jpg":1,"https://e-okularnicy.pl/212-medium_default/150-hi-vision-aqua.jpg":1,"https://e-okularnicy.pl/25336-medium_default/nikon-sv-sph-15-pure-blue-uv-seecoat-plus-uv.jpg":1,"https://e-okularnicy.pl/26626-medium_default/solano-ss-20978-okulary-przeciwsloneczne-z-polaryzacja.jpg":1,"https://e-okularnicy.pl/19247-medium_default/jzo-izoplast-150-transitions-xtractive-eyedrive-fotochromowe-soczewki-do-okularow-korekcyjnych.jpg":1,"https://e-okularnicy.pl/28303-medium_default/milome-harper-roz47-dzieciece-oprawki-do-okularow-korekcyjnych.jpg":1,"https://e-okularnicy.pl/19618-medium_default/real-madrid-rms-50008-okulary-przeciwsloneczne-z-polaryzacja.jpg":1,"https://e-okularnicy.pl/22663-medium_default/sznureczek-do-okularow-bawelniany-w-stylu-boho.jpg":1,"https://e-okularnicy.pl/146-medium_default/izoplast-150-m-eyedrive.jpg":1,"https://e-okularnicy.pl/27908-medium_default/obturator-tekstylny-mini-1-3-lat.jpg":1,"https://e-okularnicy.pl/26518-medium_default/solano-ss-20966-okulary-przeciwsloneczne-z-polaryzacja.jpg":1,"https://e-okularnicy.pl/19582-medium_default/real-madrid-rms-50004-okulary-przeciwsloneczne-z-polaryzacja.jpg":1,"https://e-okularnicy.pl/28227-medium_default/toraysee-chusteczka-do-okularow-z-mikro-wlokien.jpg":1,"https://e-okularnicy.pl/26544-medium_default/solano-ss-20971-okulary-przeciwsloneczne-z-polaryzacja.jpg":1,"https://e-okularnicy.pl/20392-medium_default/rec-specs-sport-shift-okulary-sportowe-do-korekcji.jpg":1,"https://e-okularnicy.pl/1187-medium_default/leader-c2-opaska-na-glowe-do-okularow-sportowych.jpg":1,"https://e-okularnicy.pl/28212-medium_default/etui-do-okularow-albinex-102037-sciereczka-z-mikrofibry.jpg":1,"https://e-okularnicy.pl/28204-medium_default/etui-do-okularow-albinex-102005.jpg":1,"https://e-okularnicy.pl/15823-medium_default/jzo-izoplast-160-sf-szmaraagd-uv.jpg":1,"https://e-okularnicy.pl/28550-medium_default/ray-ban-rb-0707v-oprawki-do-okularow-korekcyjnych.jpg":1,"https://e-okularnicy.pl/28769-medium_default/loro-marcel-oprawki-unisex-do-okularow-korekcyjnych.jpg":1,"https://e-okularnicy.pl/20270-medium_default/rec-specs-replay-xl-okulary-sportowe-do-korekcji.jpg":1,"https://e-okularnicy.pl/28739-medium_default/loro-vivien-damskie-oprawki-do-okularow-korekcyjnych.jpg":1,"https://e-okularnicy.pl/20278-medium_default/rec-specs-all-pro-xl-okulary-sportowe-do-korekcji.jpg":1,"https://e-okularnicy.pl/20259-medium_default/rec-specs-rs-41-okulary-sportowe-do-korekcji.jpg":1,"https://e-okularnicy.pl/2000-medium_default/izoplast-150-m-transitions-xtractive-ideal-uv.jpg":1,"https://e-okularnicy.pl/23473-medium_default/9466-dla-dzieci-okulary-plywackie-korekcyjne.jpg":1,"https://e-okularnicy.pl/17747-medium_default/pudelko-do-okularow-plywackich.jpg":1,"https://e-okularnicy.pl/23394-medium_default/nikon-160-sph-see-coat-blue-uv-soczewki-korekcyjne-do-okularow-z-filtrem-swiatla-niebieskiego.jpg":1,"https://e-okularnicy.pl/550-medium_default/jzo-izoplast-160-m-mis-szmaragd-uv.jpg":1,"https://e-okularnicy.pl/25822-medium_default/anne-marii-ams-20040-okulary-przeciwsloneczne-z-polaryzacja.jpg":1,"https://e-okularnicy.pl/11256-medium_default/chemax-2-plyn-do-czyszczenia-okularow-antifog.jpg":1,"https://e-okularnicy.pl/28800-medium_default/szampon-czyszczacy-mietowy-200-ml.jpg":1,"https://e-okularnicy.pl/959-medium_default/leader-sprayer-gogle-narciarskie-z-mozliwoscia-korekcji.jpg":1,"https://e-okularnicy.pl/28208-medium_default/etui-do-okularow-albinex-80070.jpg":1,"https://e-okularnicy.pl/28142-medium_default/etui-do-okularow-albinex-102022.jpg":1,"https://e-okularnicy.pl/1184-medium_default/opaska-pod-kask-sportowy-leader-c2.jpg":1,"https://e-okularnicy.pl/28668-medium_default/milome-sara-roz44-dzieciece-oprawki-do-okularow-korekcyjnych.jpg":1,"https://e-okularnicy.pl/27995-medium_default/soft-junior.jpg":1,"https://e-okularnicy.pl/214-medium_default/hilux-pnx-kids-153-hi-vision-aqua.jpg":1,"https://e-okularnicy.pl/28248-medium_default/milome-sara-roz-40-dzieciece-oprawki-do-okularow-korekcyjnych.jpg":1,"https://e-okularnicy.pl/9850-medium_default/okulary-do-plywania-shoptic-xl-z-mozliwoscia-korekcji.jpg":1,"https://e-okularnicy.pl/19610-medium_default/real-madrid-rms-50007-okulary-przeciwsloneczne-z-polaryzacja.jpg":1,"https://e-okularnicy.pl/9846-medium_default/okulary-do-plywania-shoptic-z-mozliwoscia-korekcji.jpg":1,"https://e-okularnicy.pl/28218-medium_default/toraysee-chusteczka-do-okularow-z-mikro-wlokien.jpg":1,"https://e-okularnicy.pl/20695-medium_default/4-5-lat-ortopad-regular-10-szt.jpg":1,"https://e-okularnicy.pl/19238-medium_default/jzo-izoplast-150-transitions-signature-8-szmaragd-uv-fotochromowe-soczewki-do-okularow-korekcyjnych.jpg":1,"https://e-okularnicy.pl/28574-medium_default/ray-ban-rb-5121-wayfarer-oprawki-do-okularow-korekcyjnych.jpg":1,"https://e-okularnicy.pl/25342-medium_default/jzo-izoplast-167-sf-transitions-signature-8-aura-max-uv-fotochromowe-soczewki-do-okularow-korekcyjnych.jpg":1,"https://e-okularnicy.pl/28755-medium_default/loro-malay-damskie-oprawki-do-okularow-korekcyjnych.jpg":1,"https://e-okularnicy.pl/28235-medium_default/-jzo-izoplast-160-sf-aura-max-uv.jpg":1,"https://e-okularnicy.pl/21493-medium_default/-mikrofaza-do-okularow.jpg":1,"https://e-okularnicy.pl/27910-medium_default/obturator-tekstylny-mini-1-3-lat.jpg":1,"https://e-okularnicy.pl/20732-medium_default/switch-altitude-okulary-przeciwsloneczne-z-wymiennymi-soczewkami.jpg":1,"https://e-okularnicy.pl/27896-medium_default/obturator-tekstylny-mini-1-3-lat.jpg":1,"https://e-okularnicy.pl/22564-medium_default/okulary-plywackie-korekcyjne-dla-doroslych-w-zestawie-do-montazu-949211-i-949210-z-soczewkami.jpg":1,"https://e-okularnicy.pl/28234-medium_default/-jzo-izoplast-150-sf-aura-max-uv.jpg":1,"https://e-okularnicy.pl/26658-medium_default/ray-ban-rb-4398-erik-okulary-przeciwsloneczne.jpg":1,"https://e-okularnicy.pl/1897-medium_default/nakladka-ochronna.jpg":1,"https://e-okularnicy.pl/17395-medium_default/jzo-izoplast-sf-167-ideal-max-blue-uv.jpg":1,"https://e-okularnicy.pl/28115-medium_default/etui-do-okularow-albinex-80100-sciereczka-z-mikrofibry.jpg":1,"https://e-okularnicy.pl/28751-medium_default/loro-doris-damskie-oprawki-do-okularow-korekcyjnych.jpg":1,"https://e-okularnicy.pl/26562-medium_default/solano-ss-20974-okulary-przeciwsloneczne-z-polaryzacja.jpg":1,"https://e-okularnicy.pl/19590-medium_default/real-madrid-rms-50005-okulary-przeciwsloneczne-z-polaryzacja.jpg":1,"https://e-okularnicy.pl/23074-medium_default/rec-specs-ochronne-gumki-na-zauszniki.jpg":1,"https://e-okularnicy.pl/28139-medium_default/etui-do-okularow-albinex-102029.jpg":1,"https://e-okularnicy.pl/27902-medium_default/obturator-tekstylny-mini-1-3-lat.jpg":1,"https://e-okularnicy.pl/965-medium_default/jzo-izoplast-150-ideal-max-blue-uv.jpg":1,"https://e-okularnicy.pl/20269-medium_default/rec-specs-ms1000-okulary-sportowe-do-korekcji.jpg":1,"https://e-okularnicy.pl/23072-medium_default/rec-specs-tasma-do-oprawy-sportowej.jpg":1,"https://e-okularnicy.pl/20210-medium_default/rec-specs-maxx-air-okulary-sportowe-do-korekcji.jpg":1,"https://e-okularnicy.pl/20674-medium_default/ortopad-junior-0-2-lata-10-szt.jpg":1,"https://e-okularnicy.pl/19794-medium_default/jzo-izoplast-150-sf-ideal-uv.jpg":1,"https://e-okularnicy.pl/28682-medium_default/milome-noah-roz41-dzieciece-oprawki-do-okularow-korekcyjnych.jpg":1,"https://e-okularnicy.pl/28747-medium_default/loro-juliet-damskie-oprawki-do-okularow-korekcyjnych.jpg":1,"https://e-okularnicy.pl/21497-medium_default/-mikrofaza-do-okularow.jpg":1,"https://e-okularnicy.pl/210-medium_default/150-hi-vision-aqua.jpg":1,"https://e-okularnicy.pl/20299-medium_default/rec-specs-challenger-xl-okulary-sportowe-do-korekcji.jpg":1,"https://e-okularnicy.pl/27022-medium_default/anne-marii-ams-90009-okulary-przeciwsloneczne-z-polaryzacja.jpg":1,"https://e-okularnicy.pl/25272-medium_default/wkladka-progear-windguard.jpg":1,"https://e-okularnicy.pl/28655-medium_default/loro-zelos-meskie-oprawki-do-okularow-korekcyjnych.jpg":1,"https://e-okularnicy.pl/26557-medium_default/solano-ss-20973-okulary-przeciwsloneczne-z-polaryzacja.jpg":1,"https://e-okularnicy.pl/15649-medium_default/jzo-izoplast-160-sf-ideal-uv-do-opraw-sportowych.jpg":1,"https://e-okularnicy.pl/26522-medium_default/solano-ss-20967-okulary-przeciwsloneczne-z-polaryzacja.jpg":1,"https://e-okularnicy.pl/10114-medium_default/komora-wilgotna.jpg":1,"https://e-okularnicy.pl/12358-medium_default/okulary-do-plywania-centrostyle-z-korekcja.jpg":1,"https://e-okularnicy.pl/1189-medium_default/leader-c2prox-opaska-standardowa-do-okularow-sportowych.jpg":1,"https://e-okularnicy.pl/21485-medium_default/-mikrofaza-do-okularow.jpg":1,"https://e-okularnicy.pl/17738-medium_default/okulary-plywackie-korekcyjne-dla-doroslych.jpg":1,"https://e-okularnicy.pl/19558-medium_default/real-madrid-rms-50001-okulary-przeciwsloneczne-z-polaryzacja.jpg":1,"https://e-okularnicy.pl/548-medium_default/izoplast-150-m-mis-topaz.jpg":1,"https://e-okularnicy.pl/19243-medium_default/jzo-izoplast-150-transitions-signature-8-aura-max-uv-fotochromowe-soczewki-do-okularow-korekcyjnych.jpg":1,"https://e-okularnicy.pl/28532-medium_default/ray-ban-rb-7217-chad-oprawki-do-okularow-korekcyjnych.jpg":1,"https://e-okularnicy.pl/28012-medium_default/-easy-beat.jpg":1,"https://e-okularnicy.pl/26621-medium_default/solano-ss-20977-okulary-przeciwsloneczne-z-polaryzacja.jpg":1,"https://e-okularnicy.pl/18023-medium_default/solan-spectron-4.jpg":1,"https://e-okularnicy.pl/10353-medium_default/oslona-nosa-do-okularow-korekcyjnych.jpg":1,"https://e-okularnicy.pl/12361-medium_default/okulary-do-plywania-z-korekcja.jpg":1,"https://e-okularnicy.pl/27912-medium_default/obturator-tekstylny-mini-1-3-lat.jpg":1,"https://e-okularnicy.pl/23064-medium_default/rec-specs-tasma-do-oprawy-sportowej.jpg":1,"https://e-okularnicy.pl/27867-medium_default/solano-ss-10497.jpg":1,"https://e-okularnicy.pl/17743-medium_default/plywackie-korekcyjne-dla-dzieci.jpg":1,"https://e-okularnicy.pl/28650-medium_default/-loro-stan-meskie-oprawki-do-okularow-korekcyjnych.jpg":1,"https://e-okularnicy.pl/10071-medium_default/nikon-150-sph-see-coat-blue-uv-soczewki-korekcyjne-do-okularow-z-filtrem-swiatla-niebieskiego.jpg":1,"https://e-okularnicy.pl/28632-medium_default/anne-marii-am-20361-a-oprawki-do-okularow-korekcyjnych.jpg":1,"https://e-okularnicy.pl/18156-medium_default/jzo-izoplast-150-m-aura-max-uv.jpg":1,"https://e-okularnicy.pl/28220-medium_default/toraysee-chusteczka-do-okularow-z-mikro-wlokien.jpg":1,"https://e-okularnicy.pl/28213-medium_default/etui-do-okularow-albinex-80058.jpg":1,"https://e-okularnicy.pl/28017-medium_default/easy-jolly.jpg":1,"https://e-okularnicy.pl/9683-medium_default/solano-ss-50087.jpg":1,"https://e-okularnicy.pl/25844-medium_default/anne-marii-ams-90013-okulary-przeciwsloneczne-z-polaryzacja.jpg":1,"https://e-okularnicy.pl/28736-medium_default/loro-orion-damskie-oprawki-do-okularow-korekcyjnych.jpg":1,"https://e-okularnicy.pl/9853-medium_default/szajna-prima-150-diament-nanoag.jpg":1,"https://e-okularnicy.pl/19602-medium_default/real-madrid-rms-50006-okulary-przeciwsloneczne-z-polaryzacja.jpg":1,"https://e-okularnicy.pl/27002-medium_default/solano-ss-50055-b.jpg":1,"https://e-okularnicy.pl/28644-medium_default/liw-lewant-3652-oprawki-do-okularow-korekcyjnych.jpg":1,"https://e-okularnicy.pl/25338-medium_default/nikon-sv-sph-16-pure-blue-uv.jpg":1,"https://e-okularnicy.pl/20418-medium_default/rec-specs-helmet-spex-okulary-sportowe-do-korekcji.jpg":1,"https://e-okularnicy.pl/26615-medium_default/solano-ss-20976-okulary-przeciwsloneczne-z-polaryzacja.jpg":1,"https://e-okularnicy.pl/23508-medium_default/okulary-plywackie-korekcyjne-ocean-rx.jpg":1,"https://e-okularnicy.pl/19225-medium_default/jzo-izoplast-150-transitions-signature-8-topaz-fotochromowe-soczewki-do-okularow-korekcyjnych.jpg":1,"https://e-okularnicy.pl/21473-medium_default/-mikrofaza-do-okularow.jpg":1,"https://e-okularnicy.pl/149-medium_default/izoplast-160-m-eyedrive.jpg":1,"https://e-okularnicy.pl/120-medium_default/orma-15-streetlife.jpg":1,"https://e-okularnicy.pl/19566-medium_default/real-madrid-rms-50002-okulary-przeciwsloneczne-z-polaryzacja.jpg":1,"https://e-okularnicy.pl/23067-medium_default/rec-specs-tasma-do-oprawy-sportowej.jpg":1,"https://e-okularnicy.pl/19009-medium_default/okulary-plywackie-korekcyjne-deluxe-w-zestawie-do-montazu-z-soczewkami.jpg":1,"https://e-okularnicy.pl/26528-medium_default/solano-ss-20968-okulary-przeciwsloneczne-z-polaryzacja.jpg":1,"https://e-okularnicy.pl/9652-medium_default/solano-ss-50081.jpg":1,"https://e-okularnicy.pl/20425-medium_default/rec-specs-helmet-spex-xl-okulary-sportowe-do-korekcji.jpg":1,"https://e-okularnicy.pl/28759-medium_default/loro-zigzag-damskie-oprawki-do-okularow-korekcyjnych.jpg":1,"https://e-okularnicy.pl/27914-medium_default/obturator-tekstylny-mini-1-3-lat.jpg":1,"https://e-okularnicy.pl/28743-medium_default/loro-fever-damskie-oprawki-do-okularow-korekcyjnych.jpg":1,"https://e-okularnicy.pl/25818-medium_default/anne-marii-ams-20038-okulary-przeciwsloneczne-z-polaryzacja.jpg":1,"https://e-okularnicy.pl/28133-medium_default/etui-do-okularow-albinex-102039.jpg":1},"Kształt":{"Aviator":1,"Owalny":9,"Kwadratowy":14,"NO_INFORMATION":115,"Koci, Kwadratowy":1,"Prostokątny":40,"Koci":6,"Okrągły":3,"Geometryczny":1},"Odporność na zarysowania":{"optymalna":2,"NO_INFORMATION":172,"wysoka":12,"podstawowa":4},"id":{"3445":1,"442":1,"1917":1,"4950":1,"3536":1,"2664":1,"4867":1,"3097":1,"304":1,"4946":1,"98":1,"4707":1,"4815":1,"99":1,"3374":1,"4849":1,"4706":1,"3443":1,"3441":1,"4156":1,"3048":1,"4973":1,"4576":1,"3531":1,"3047":1,"310":1,"4577":1,"3534":1,"2118":1,"203":1,"3822":1,"3984":1,"3447":1,"4963":1,"4905":1,"3440":1,"4700":1,"224":1,"4579":1,"4487":1,"2985":1,"303":1,"75":1,"1659":1,"4859":1,"4947":1,"4944":1,"4969":1,"4968":1,"4965":1,"3555":1,"3556":1,"204":1,"4898":1,"4896":1,"3551":1,"4961":1,"4705":1,"1710":1,"88":1,"1598":1,"3820":1,"219":1,"3530":1,"4875":1,"4680":1,"4861":1,"4808":1,"4857":1,"4485":1,"2119":1,"4960":1,"2415":1,"74":1,"147":1,"4676":1,"4879":1,"4034":1,"1929":1,"3533":1,"3446":1,"4872":1,"4900":1,"3597":1,"3368":1,"2073":1,"4149":1,"220":1,"4675":1,"4131":1,"4967":1,"4848":1,"4682":1,"4851":1,"1570":1,"4949":1,"79":1,"3817":1,"4959":1,"309":1,"308":1,"221":1,"4880":1,"1596":1,"3609":1,"2700":1,"4962":1,"4899":1,"4906":1,"298":1,"4812":1,"4904":1,"4855":1,"4902":1,"4854":1,"1624":1,"4702":1,"4860":1,"4866":1,"4869":1,"4858":1,"4473":1,"3529":1,"4971":1,"1649":1,"3373":1,"97":1,"4975":1,"3596":1,"1597":1,"4476":1,"4972":1,"4878":1,"4814":1,"1599":1,"3046":1,"4069":1,"4881":1,"3475":1,"3810":1,"4901":1,"4813":1,"3598":1,"3553":1,"302":1,"3444":1,"1709":1,"4876":1,"3372":1,"3371":1,"4066":1,"3539":1,"4575":1,"3532":1,"4871":1,"299":1,"4679":1,"4976":1,"3816":1,"4067":1,"3442":1,"4870":1,"4966":1,"3118":1,"60":1,"148":1,"4580":1,"4674":1,"4701":1,"4157":1,"4578":1,"4856":1,"4068":1,"4677":1,"1600":1,"4964":1,"141":1,"1568":1,"4699":1,"4486":1,"4721":1,"4569":1,"3813":1,"2644":1,"4970":1,"4037":1,"4897":1,"4681":1,"3391":1,"4903":1},"Materiał soczewki":{"Poliwęglan":3,"NO_INFORMATION":155,"Trivex":2,"CR":30},"Rodzaj soczewek":{"Fotochromowe":7,"NO_INFORMATION":158,"Białe":25},"Rozmiar":{"NO_INFORMATION":185,"53":2,"mały ":3},"Pojemność":{"NO_INFORMATION":189,"25ml":1},"Dodatkowy kolor":{"Szary":7,"Niebieski":8,"Szylkret":3,"Biały":5,"Wzór":1,"Czerwony":9,"Zielony":2,"Złoty":4,"NO_INFORMATION":133,"Limonka":3,"Czarny":2,"Fioletowy":2,"Turkusowy":1,"Brązowy":1,"Błękitny":3,"Pomarańczowy":3,"Żółty":1,"Różowy":2}}